{
    "HWM": [
        0.06942560482552063,
        0.07370673268159456,
        0.05044794421581589,
        0.08645380351807885,
        0.09465775707405744,
        0.058602117958319155,
        0.020474263573691864,
        0.0034838690731748834,
        0.005769240578044066,
        0.027126933138239995,
        0.009019487427637252,
        0.00784882281086352,
        0.03508276090007545,
        0.0031330093573709306,
        0.020320712148145237,
        -0.0077837066383481535,
        -0.030014738082869474,
        -0.05759456291014953,
        -0.06141820491562555,
        -0.09710109841577896
    ],
    "FTV": [
        0.3999122343869934,
        0.4028117133464977,
        0.3632372734682372,
        0.3713187653064307,
        0.3806598018683478,
        0.32982519512062325,
        0.28882702643660574,
        0.27754652203045094,
        0.2859259493659341,
        0.30195692700778265,
        0.3087553203717812,
        0.2978985740404827,
        0.2909891089291161,
        0.2595894172055351,
        0.2802248009185422,
        0.2463714999158677,
        0.23571635297532056,
        0.24412508207959416,
        0.25625137650723273,
        0.22049687646456828
    ],
    "KHC": [
        0.6915505060110663,
        0.6749715213908258,
        0.6617428408152861,
        0.6744940460963482,
        0.6950229611407117,
        0.6452640745654277,
        0.5936085589138278,
        0.5749130252000203,
        0.589754276725083,
        0.6331201631746914,
        0.6100173908026472,
        0.6414835595794406,
        0.6394514574307895,
        0.5723805259165013,
        0.5805919536082671,
        0.5670552261351638,
        0.5611396930762025,
        0.5297131610436416,
        0.5079985082228902,
        0.4570695556847957
    ],
    "IR": [
        0.7371053819366353,
        0.6914934020920915,
        0.6209012693105889,
        0.6358989435137703,
        0.6216594361818517,
        0.5639088184698071,
        0.4930587025827453,
        0.45740159409115133,
        0.4410412071603913,
        0.4621009571660055,
        0.47850154112600407,
        0.48457075276311645,
        0.4638870885393356,
        0.44536231236156354,
        0.5084980076560117,
        0.44092644919997337,
        0.36758000298159654,
        0.36562011812833184,
        0.35088335718368047,
        0.32312419599438424
    ],
    "HPE": [
        0.22099195031607533,
        0.1954786090742262,
        0.1613570438739238,
        0.22229996584380363,
        0.20939147874314834,
        0.16794063962253247,
        0.14175282645237264,
        0.17796971333585976,
        0.23299978439930769,
        0.27109483749740804,
        0.26563987381621157,
        0.2686711129738075,
        0.2804265197050455,
        0.2509785588057136,
        0.2787591262864977,
        0.23903174268079752,
        0.16710727486295252,
        0.18271304885141149,
        0.1759102879669765,
        0.16834584848481082
    ],
    "ETSY": [
        -0.225781055316717,
        -0.20558125997682897,
        -0.2344366563305469,
        -0.21745705668133297,
        -0.20400060686845922,
        -0.17342693311479707,
        -0.19840170995093498,
        -0.24009507701631883,
        -0.239627991890643,
        -0.24299796603726875,
        -0.2470550524616364,
        -0.23663570428186365,
        -0.25994306940755507,
        -0.2808512708466413,
        -0.27955178364459865,
        -0.2858247665595579,
        -0.3003873109106019,
        -0.2920848243523162,
        -0.274800488596167,
        -0.26110022226498053
    ],
    "LW": [
        0.2813518575305567,
        0.29242762307161385,
        0.2868426856654249,
        0.30811677605456955,
        0.32643570852384274,
        0.29657422487040774,
        0.2623698030001216,
        0.242387235921393,
        0.24714307063268048,
        0.284956818814734,
        0.2988185192033521,
        0.3050662572150604,
        0.2901659465956383,
        0.2540218946407595,
        0.257611847389283,
        0.2432634198147574,
        0.23605057033762167,
        0.24194086464002007,
        0.2422986659401074,
        0.19966035024265416
    ],
    "QRVO": [
        0.05786266025441478,
        0.10568143775981698,
        0.09533370153451504,
        0.10251862553045088,
        0.11445134855665362,
        0.09217201219553273,
        0.09144034209270258,
        0.09189625439094584,
        0.10832604805565849,
        0.12154751596901514,
        0.09650958278065724,
        0.06679248206539601,
        0.053026084773374116,
        0.036452489697228696,
        0.02460600711248695,
        0.03277568702102984,
        0.01666558874051871,
        0.013597962744930747,
        0.043775403271940405,
        0.0543124404423736
    ],
    "SEDG": [
        0.29382767500896234,
        0.30143430774414304,
        0.28139850038385905,
        0.2947634280049085,
        0.2882844270563436,
        0.2514427603405962,
        0.2425831655216415,
        0.26121165199754204,
        0.2805487289002362,
        0.31889035780965447,
        0.32699014275086125,
        0.2954227761004389,
        0.3139708330210027,
        0.304266764002203,
        0.31614380498789485,
        0.2948603963739491,
        0.27851229003686084,
        0.29566353996728667,
        0.2936946402000076,
        0.2804955837538863
    ],
    "VICI": [
        0.9757837354263428,
        0.9269333944331697,
        0.844708062053134,
        0.8391238826647403,
        0.8360570261950695,
        0.7536542533352772,
        0.6893561918871738,
        0.6300409305661123,
        0.5893593184027761,
        0.5888368025628266,
        0.5826972293082786,
        0.5921183384289144,
        0.5845557111610686,
        0.6496129925551077,
        0.6755425015072527,
        0.6085266366813613,
        0.5579327662515103,
        0.5862807135728305,
        0.5176736476675012,
        0.5235310955862316
    ],
    "WRK": [
        0.25560428632591936,
        0.26418685835940003,
        0.227363470617588,
        0.24115564359520647,
        0.25987885768775687,
        0.21774615396811914,
        0.18831917014498334,
        0.1905522596479985,
        0.19865989603673917,
        0.21630332974063027,
        0.22029720948215736,
        0.22542131545683475,
        0.21101896034100065,
        0.19594073606769324,
        0.21643360811615064,
        0.20606080077976596,
        0.18200446878008947,
        0.18662489171756658,
        0.19810473130222572,
        0.15954905501472538
    ],
    "PYPL": [
        0.37786034167925786,
        0.3774781447246012,
        0.3515505831462402,
        0.3817542462514605,
        0.39671451981690753,
        0.3643257424842856,
        0.3254895804439326,
        0.3153894030050637,
        0.3388467584050181,
        0.36965202515056017,
        0.3561220091959205,
        0.3513744675982782,
        0.35822703855486626,
        0.3247072929766297,
        0.34086513876164304,
        0.30895422750386414,
        0.289106121703099,
        0.31660987470353286,
        0.32899784917725317,
        0.3092587327844716
    ],
    "CDAY": [
        0.8575360660271958,
        0.8333124681836868,
        0.7626906621932115,
        0.8141647933747658,
        0.8144094355312594,
        0.7998377785710646,
        0.7355779391090724,
        0.7284829021832007,
        0.6914343448751028,
        0.7391036235016673,
        0.7867414574128846,
        0.8045730046649417,
        0.8196309474466821,
        0.794716958862896,
        0.8400465633163341,
        0.7777993066420121,
        0.7520237914752226,
        0.7542854781659631,
        0.7189121349730128,
        0.7317371981778775
    ],