{
    "MRNA": [
        0.47569671239738565,
        0.4730280658953694,
        0.42895738724656285,
        0.4638359161873753,
        0.47284116517623254,
        0.4313292998840379,
        0.38833402214857937,
        0.4011011938463862,
        0.42466222071016047,
        0.4694562342077617,
        0.4501348928272697,
        0.4605846507717968,
        0.44935904871189614,
        0.4445235266795833,
        0.4455522585410807,
        0.40925801012449536,
        0.3785813428986944,
        0.4093230567437658,
        0.4341615646733601,
        0.4020917578117822
    ],
    "DOW": [
        1.134764540860285,
        1.1148990036522743,
        1.1137803793185652,
        1.1414597032030374,
        1.1258858584616975,
        1.1007555142679095,
        1.0583822741403086,
        1.0546135812181978,
        1.0560827684222485,
        1.1066211614718684,
        1.0651918303463637,
        1.0933746251355831,
        1.0133525959086453,
        0.9623529121551497,
        0.9492223109499678,
        0.8962224263989054,
        0.921538573745111,
        0.979854913618067,
        0.9911220349336967,
        0.9048531393802044
    ],
    "FOXA": [
        0.2501724920701025,
        0.2522898641852307,
        0.21969285319354626,
        0.2518896926730254,
        0.2612686925971852,
        0.23197635942148587,
        0.2153539265959643,
        0.2337204658068468,
        0.2528211195897163,
        0.27771758510844213,
        0.2599778039449405,
        0.28920630778933987,
        0.2834499205080938,
        0.23529935729106422,
        0.2412620705967332,
        0.24344406884615521,
        0.22076790612929154,
        0.2461406668514794,
        0.25622554225092564,
        0.21548746811745811
    ],
    "CTVA": [
        0.3156592910503404,
        0.3221852118121644,
        0.3075353175187443,
        0.3316901648396309,
        0.34500117799183183,
        0.31967737040405986,
        0.29927535690365126,
        0.291174472392,
        0.3008675028922765,
        0.3159768314961866,
        0.31172547593018596,
        0.31292434156512794,
        0.3090739851557043,
        0.29570422425171916,
        0.30259726330423575,
        0.2758166854595201,
        0.2532145592340109,
        0.2525177134627654,
        0.27552791059588966,
        0.24106451077389845
    ],
    "FOX": [
        0.12829375364677942,
        0.14580367296395425,
        0.12867246565778734,
        0.16790448269065994,
        0.1633209913081588,
        0.1497204871504043,
        0.12257419025809124,
        0.16480798735729074,
        0.1679054583537618,
        0.1678419616623561,
        0.1686608809154615,
        0.18910361562348266,
        0.19165028898933878,
        0.1582290821537713,
        0.16664654465604434,
        0.2607710192164605,
        0.23423945838879323,
        0.2410120727430769,
        0.2640205975687051,
        0.26690186032273155
    ],
    "OTIS": [
        -0.26431443186141657,
        -0.24329910110640274,
        -0.2641953781219035,
        -0.23650201342924593,
        -0.22873839406743812,
        -0.25662239419423205,
        -0.29741802796859407,
        -0.2858285687527822,
        -0.2870586688948613,
        -0.2971650257061311,
        -0.30835990558904935,
        -0.2975115413078697,
        -0.30584202672102556,
        -0.3487101726345392,
        -0.28378564175103893,
        -0.3151715861043982,
        -0.3283696316573703,
        -0.32826240668377604,
        -0.3212118388657599,
        -0.3337614197309291
    ],
    "CARR": [
        0.13674377140281946,
        0.15098550244854447,
        0.13716748575882542,
        0.17336542899599916,
        0.16926067950847523,
        0.15917429187607768,
        0.12882741984663149,
        0.1675986273984238,
        0.17882312244678822,
        0.1701292914530006,
        0.1773301220847716,
        0.19206240479275838,
        0.19724720445339772,
        0.1622264430900464,
        0.16649679919310723,
        0.2741143481121018,
        0.2558421078746784,
        0.2619312251563577,
        0.2797976817119161,
        0.2788392901475225
    ]
}